Protocol file: C:\HelixGen\Protocols\Protocol_pcr - Pauls.xml,,,,,,,,,,,,,,,
Run date.time: 5/23/2017 2:10:49 PM,,,,,,,,,,,,,,,
Time, Elapsed Seconds, SPREP Thermal Setpoint, SPREP Thermal C, PCR TEC1 Setpoint, PCR TEC1 C, PCR TEC1 PWR, PRC TE1C Amps,PCR TEC2 Setpoint, PCR TEC2 C, PCR TEC2 PWR, PRC TEC2 AmpsTEC3 Temp, TEC4 Temp, TEC5 temp, TEC6 temp,
10:49.9,0,25,11.427,25,34.652,0,0,25,34.684,0,0,-2.688,-2.688,-2.688,33.8
10:50.9,1.0279774,25,11.428,37,34.622,0,0,25,34.663,0,0,-2.688,-2.688,-2.688,33.776
10:52.2,2.3538011,25,11.43,37,34.602,100,4.817,37,34.635,0,0,-2.688,-2.688,-2.688,33.748
10:53.5,3.6229768,25,11.436,37,37.928,0,0,37,34.947,100,4.693,-2.688,-2.688,-2.688,33.848
10:54.3,4.4479179,25,11.436,37,41.976,0,0,37,37.747,0,0,-2.688,-2.688,-2.688,34.376
10:55.0,5.1511189,25,11.44,37,43.244,0,0,37,41.15,0,0,-2.688,-2.688,-2.688,34.839
10:56.0,6.0690165,25,11.427,37,43.835,0,0,37,42.861,0,0,-2.688,-2.688,-2.688,35.69
10:56.8,6.8598985,25,11.427,37,44.136,0,0,37,43.836,0,0,-2.688,-2.688,-2.688,36.344
10:57.6,7.6749307,25,11.434,37,44.132,0,0,37,44.079,0,0,-2.688,-2.688,-2.688,36.61
10:58.3,8.3572838,25,11.44,37,43.987,0,0,37,44.03,0,0,-2.688,-2.688,-2.688,37.049
10:59.2,9.2731104,25,11.434,37,43.763,0,0,37,43.831,0,0,-2.688,-2.688,-2.688,37.233
11:00.2,10.318328,25,11.432,37,43.495,0,0,37,43.525,0,0,-2.688,-2.688,-2.688,37.669
11:01.0,11.1041762,25,11.44,37,43.095,0,0,37,43.141,1.9,0.07,-2.688,-2.688,-2.688,37.784
11:01.9,12.0302609,25,11.438,37,42.796,0,0,37,42.827,0,0,-2.688,-2.688,-2.688,37.974
11:02.6,12.7555558,25,11.44,37,42.462,0,0,37,42.485,0,0,-2.688,-2.688,-2.688,38.053
11:03.5,13.5709297,25,11.443,37,42.209,0,0,37,42.221,0,0,-2.688,-2.688,-2.688,38.179
11:04.1,14.2530305,25,11.44,37,41.925,0,0,37,41.926,0,0,-2.688,-2.688,-2.688,38.228
11:05.1,15.1699451,25,11.44,37,41.683,0,0,37,41.677,0,0,-2.688,-2.688,-2.688,38.302
11:05.8,15.9562545,25,11.434,37,41.382,0,0,37,41.367,0,0,-2.688,-2.688,-2.688,38.348
11:06.7,16.8560967,25,11.434,37,41.123,0,0,37,41.103,0,0,-2.688,-2.688,-2.688,38.37
11:07.8,17.8618665,25,11.44,37,40.843,0,0,37,40.819,0,0,-2.688,-2.688,-2.688,38.369
11:08.4,18.5496744,25,11.435,37,40.544,0,0,37,40.517,0,0,-2.688,-2.688,-2.688,38.361
11:09.3,19.3602774,25,11.423,37,40.342,0,0,37,40.315,0,0,-2.688,-2.688,-2.688,38.334
11:10.0,20.1483414,25,11.432,37,40.12,0,0,37,40.063,0,0,-2.688,-2.688,-2.688,38.314
11:11.0,21.0659433,25,11.426,37,39.905,0,0,37,39.875,0,0,-2.688,-2.688,-2.688,38.265
11:11.7,21.836297,25,11.423,37,39.673,0,0,37,39.641,0,0,-2.688,-2.688,-2.688,38.204
11:12.5,22.6455101,25,11.425,37,39.473,0,0,37,39.443,0,0,-2.688,-2.688,-2.688,38.169
11:13.2,23.3224859,25,11.43,37,39.28,0,0,37,39.251,0,0,-2.688,-2.688,-2.688,38.092
11:14.1,24.2437008,25,11.43,37,39.116,0,0,37,39.088,0,0,-2.688,-2.688,-2.688,38.05
11:15.1,25.1760878,25,11.434,37,38.912,0,0,37,38.886,0,0,-2.688,-2.688,-2.688,37.96
11:16.0,26.0971395,25,11.436,37,38.714,0,0,37,38.69,2.7,0.105,-2.688,-2.688,-2.688,37.863
11:16.9,27.0240775,25,11.435,37,38.526,2.2,0.088,37,38.538,2,0.07,-2.688,-2.688,-2.688,37.766
11:17.6,27.7418459,25,11.435,37,38.383,0.3,0,37,38.471,2,0.07,-2.688,-2.688,-2.688,37.722
11:18.5,28.5646729,25,11.432,37,38.344,0.5,0,37,38.417,2.9,0.123,-2.688,-2.688,-2.688,37.642
11:19.1,29.2441726,25,11.427,37,38.283,3.1,0.141,37,38.379,2.2,0.088,-2.688,-2.688,-2.688,37.604
11:20.1,30.1766195,25,11.44,37,38.251,1.7,0.07,37,38.372,1.8,0.052,-2.688,-2.688,-2.688,37.535
11:20.9,30.9644747,25,11.427,37,38.262,1.1,0.035,37,38.362,2.5,0.088,-2.688,-2.688,-2.688,37.475
11:21.7,31.8325977,25,11.428,37,38.234,3.8,0.176,37,38.355,2.6,0.105,-2.688,-2.688,-2.688,37.42
11:22.4,32.5245319,25,11.431,37,38.238,0.1,0,37,38.361,2.1,0.07,-2.688,-2.688,-2.688,37.395
11:23.2,33.3401248,25,11.436,37,38.265,1.4,0.052,37,38.37,2.1,0.07,-2.688,-2.688,-2.688,37.352
11:24.3,34.3830782,25,11.444,37,38.248,3.2,0.141,37,38.37,3,0.123,-2.688,-2.688,-2.688,37.313
11:25.0,35.1562844,25,11.443,37,38.275,0,0,37,38.387,1.5,0.035,-2.688,-2.688,-2.688,37.295
11:26.0,36.069565,25,11.449,37,38.299,1.9,0.07,37,38.401,2.7,0.105,-2.688,-2.688,-2.688,37.266
11:26.7,36.838313,25,11.439,37,38.274,3.3,0.158,37,38.399,3.4,0.141,-2.688,-2.688,-2.688,37.235
11:27.5,37.6532413,25,11.434,37,38.309,0,0,37,38.415,1.5,0.035,-2.688,-2.688,-2.688,37.221
11:28.2,38.3405433,25,11.44,37,38.337,2.3,0.088,37,38.437,2.2,0.088,-2.688,-2.688,-2.688,37.202
11:29.1,39.2512733,25,11.429,37,38.314,3.7,0.176,37,38.43,4,0.176,-2.688,-2.688,-2.688,37.192
11:29.9,40.0338022,25,11.441,37,38.345,0,0,37,38.446,1.6,0.052,-2.688,-2.688,-2.688,37.173
11:30.8,40.8911875,25,11.438,37,38.377,2.3,0.088,37,38.471,2.4,0.088,-2.688,-2.688,-2.688,37.162
11:31.8,41.9240736,25,11.438,37,38.351,4,0.176,37,38.459,4.1,0.176,-2.688,-2.688,-2.688,37.146
11:32.5,42.6122289,25,11.434,37,38.4,0,0,37,38.486,0.8,0,-2.688,-2.688,-2.688,37.142
11:33.3,43.4210674,25,11.433,37,38.416,1.8,0.123,37,38.505,2.5,0.141,-2.688,-2.688,-2.688,37.137
11:34.1,44.1685313,25,11.432,37,38.386,3.4,0.141,37,38.487,3.7,0.158,-2.688,-2.688,-2.688,37.131
11:35.0,45.0929311,25,11.433,37,38.416,0,0,37,38.509,0.8,0,-2.688,-2.688,-2.688,37.123
11:35.8,45.8658895,25,11.435,37,38.453,2.6,0.105,37,38.535,3,0.123,-2.688,-2.688,-2.688,37.122
11:36.6,46.6809849,25,11.436,37,38.42,4.2,0.194,37,38.516,3.5,0.158,-2.688,-2.688,-2.688,37.117
11:37.3,47.3680477,25,11.442,37,38.452,0,0,37,38.54,1,0.017,-2.688,-2.688,-2.688,37.113
11:38.2,48.2781906,25,11.43,37,38.491,1.5,0.07,37,38.565,3,0.123,-2.688,-2.688,-2.688,37.116
11:39.1,49.200505,25,11.432,37,38.458,4.5,0.211,37,38.543,4.3,0.141,-2.688,-2.688,-2.688,37.113
11:40.0,50.1174931,25,11.434,37,38.488,0,0,37,38.571,0.5,0,-2.688,-2.688,-2.688,37.112
11:40.9,51.0265247,25,11.439,37,38.525,2.5,0.158,37,38.589,3.6,0.158,-2.688,-2.688,-2.688,37.115
11:41.6,51.7084199,25,11.441,37,38.484,3.4,0.141,37,38.569,2.8,0.105,-2.688,-2.688,-2.688,37.112
11:42.5,52.5704608,25,11.437,37,38.52,0,0,37,38.599,0.3,0.035,-2.688,-2.688,-2.688,37.113
11:43.4,53.5449355,25,11.431,95,38.559,100,4.64,37,38.614,4.2,0.194,-2.688,-2.688,-2.688,37.119
11:44.6,54.7224322,25,11.434,95,40.516,100,4.446,37,38.717,0,4.111,-2.688,-2.688,-2.688,37.167
11:45.9,55.9846999,25,11.437,95,46.258,100,4.181,95,40.932,100,4.358,-2.688,-2.688,-2.688,37.977
11:46.9,57.0238441,25,11.437,95,53.998,100,4.04,95,47.808,100,4.181,-2.688,-2.688,-2.688,39.526
11:47.6,57.7097549,25,11.433,95,61.263,100,3.917,95,55.416,100,4.022,-2.688,-2.688,-2.688,40.583
11:48.4,58.5200765,25,11.433,95,66.636,100,3.846,95,61.13,100,3.934,-2.688,-2.688,-2.688,43.1
11:49.1,59.2446978,25,11.438,95,73.46,100,3.758,95,68.864,100,3.828,-2.688,-2.688,-2.688,44.508
11:50.1,60.1652374,25,11.434,95,77.927,100,3.687,95,73.916,100,3.758,-2.688,-2.688,-2.688,47.417
11:50.8,60.9376051,25,11.437,95,85.064,100,3.617,95,81.92,100,3.652,-2.688,-2.688,-2.688,50.395
11:51.7,61.8114749,25,11.441,95,89.874,100,3.546,95,87.246,100,3.581,-2.688,-2.688,-2.688,51.965
11:52.4,62.5093274,25,11.436,95,95.738,100,3.476,95,93.682,100,3.511,-2.688,-2.688,-2.688,55.242
11:53.2,63.3136084,25,11.443,95,100.089,100,3.423,95,98.323,100,3.458,-2.688,-2.688,-2.688,56.975
11:54.2,64.3554138,25,11.44,95,104.783,100,3.37,95,103.319,100,3.387,-2.688,-2.688,-2.688,62.376
11:55.0,65.150645,25,11.436,95,110.851,100,3.299,95,109.657,100,3.317,-2.688,-2.688,-2.688,64.237
11:56.1,66.1931061,25,11.439,95,114.44,0,0,95,114.338,0,0,-2.688,-2.688,-2.688,67.988
11:56.9,66.9883176,25,11.434,95,117.877,0,0,95,117.397,0,0,-2.688,-2.688,-2.688,71.644
11:57.9,68.0371248,25,11.443,95,117.74,52.3,2.029,95,117.613,44.4,1.623,-2.688,-2.688,-2.688,74.704
11:59.0,69.0918956,25,11.433,95,116.708,68.2,2.346,95,116.695,75.5,2.434,-2.688,-2.688,-2.688,77.213
11:59.9,69.9914614,25,11.431,95,117.409,0,0,95,117.25,0,0,-2.688,-2.688,-2.688,79.614
12:00.8,70.8970156,25,11.436,95,117.528,43.9,1.605,95,117.264,59.2,2.135,-2.688,-2.688,-2.688,81.771
12:01.6,71.7011456,25,11.432,95,116.702,73.3,2.54,95,116.756,58.3,2.064,-2.688,-2.688,-2.688,82.713
12:02.5,72.649348,25,11.432,95,117.124,0,0,95,117.182,12.3,0.352,-2.688,-2.688,-2.688,84.486
12:03.4,73.4654678,25,11.432,95,117.653,35.9,1.34,95,117.355,50.8,1.852,-2.688,-2.688,-2.688,86.355
12:04.1,74.1939147,25,11.431,95,116.922,75.5,2.629,95,116.917,57.7,2.046,-2.688,-2.688,-2.688,87.21
12:05.0,75.1144843,25,11.431,95,116.841,0,0,95,117.006,29,1.041,-2.688,-2.688,-2.688,88.817
12:05.9,76.0351905,25,11.435,95,116.797,0,0,95,117.311,35.3,1.57,-2.688,-2.688,-2.688,90.384
12:06.8,76.9091325,25,11.438,95,115.621,0,0,95,116.956,0,0,-2.688,-2.688,-2.688,91.707
12:07.7,77.7673154,25,11.443,95,113.882,0,0,95,115.919,0,0,-2.688,-2.688,-2.688,92.262
12:08.5,78.5776439,25,11.434,95,112.104,58,2.276,95,114.128,0,0,-2.688,-2.688,-2.688,93.064
12:09.3,79.3966146,25,11.439,95,110.163,40.9,1.517,95,111.673,84.6,3.193,-2.688,-2.688,-2.688,93.501
12:10.1,80.1910413,25,11.432,95,109.591,0,0,95,109.836,12.4,0.441,-2.688,-2.688,-2.688,93.63
12:11.1,81.2457829,25,11.434,95,109.033,19.6,0.758,95,109.598,1.9,0.07,-2.688,-2.688,-2.688,93.998
12:11.9,82.0272799,25,11.43,95,107.987,29.8,1.005,95,108.635,37.9,1.323,-2.688,-2.688,-2.688,94.262
12:12.9,82.9914449,25,11.428,95,107.359,15,0.582,95,107.735,22.1,0.846,-2.688,-2.688,-2.688,94.375
12:14.0,84.1416994,25,11.425,95,106.655,22.6,0.864,95,107.039,18.5,0.705,-2.688,-2.688,-2.688,94.487
12:14.8,84.9190906,25,11.424,95,105.805,27.3,1.111,95,106.072,23.8,0.794,-2.688,-2.688,-2.688,94.508
12:15.7,85.7719857,25,11.427,95,105.391,33.2,1.27,95,105.566,36.5,1.411,-2.688,-2.688,-2.688,94.506
12:16.4,86.4613291,25,11.415,95,105.255,20.8,0.794,95,105.265,34.2,1.305,-2.688,-2.688,-2.688,94.506
12:17.2,87.3324231,25,11.424,95,105.283,23,0.882,95,105.246,22.6,0.864,-2.688,-2.688,-2.688,94.523
12:18.5,88.6328886,25,11.427,95,105.183,28.8,1.093,95,105.175,34.3,1.305,-2.688,-2.688,-2.688,94.583
12:19.2,89.3206738,25,11.434,95,105.186,21.9,0.829,95,105.137,25.3,0.97,-2.688,-2.688,-2.688,94.588
12:20.5,90.620064,25,11.431,95,105.268,25.4,0.97,95,105.223,26.6,1.023,-2.688,-2.688,-2.688,94.652
12:21.3,91.4399359,25,11.433,95,105.161,32.9,1.252,95,105.141,34.4,1.305,-2.688,-2.688,-2.688,94.679
12:22.3,92.4510136,25,11.435,95,105.272,18.1,0.688,95,105.214,25.6,0.97,-2.688,-2.688,-2.688,94.716
12:23.3,93.4572663,25,11.436,95,105.283,29.9,1.182,95,105.235,29.4,1.129,-2.688,-2.688,-2.688,94.763
12:24.4,94.4637074,25,11.439,95,105.164,31.7,1.199,95,105.163,31.1,1.182,-2.688,-2.688,-2.688,94.782
12:25.4,95.4660987,25,11.439,95,105.343,16.6,0.758,95,105.264,21.7,0.97,-2.688,-2.688,-2.688,94.828
12:26.2,96.3284231,25,11.437,95,105.276,33.7,1.288,95,105.234,31.4,1.199,-2.688,-2.688,-2.688,94.849
12:27.1,97.2403146,25,11.44,95,105.17,33.6,1.27,95,105.194,29,1.146,-2.688,-2.688,-2.688,94.868
12:28.3,98.4101657,25,11.438,95,105.392,19.1,0.723,95,105.292,26.8,0.935,-2.688,-2.688,-2.688,94.924
12:29.3,99.4547745,25,11.435,95,105.199,41.4,1.588,95,105.221,36.9,1.393,-2.688,-2.688,-2.688,94.942
12:30.4,100.4651884,25,11.435,95,105.301,12,0.441,95,105.254,23.8,0.899,-2.688,-2.688,-2.688,94.966
12:31.4,101.4577488,25,11.434,95,105.385,34.6,1.34,95,105.317,30.7,1.34,-2.688,-2.688,-2.688,95.007
12:32.2,102.3307928,25,11.443,95,105.172,35.8,1.358,95,105.232,30.7,1.164,-2.688,-2.688,-2.688,95.011
12:33.5,103.6247786,25,11.433,95,105.442,8.6,0.423,95,105.344,21.9,0.705,-2.688,-2.688,-2.688,95.049
12:34.2,104.307393,25,11.439,95,105.322,45.2,1.746,95,105.316,34.2,1.305,-2.688,-2.688,-2.688,95.073
12:35.1,105.2251963,25,11.436,95,105.173,29.9,1.129,95,105.231,34.7,1.323,-2.688,-2.688,-2.688,95.076
12:35.9,105.9889629,25,11.435,95,105.496,8.1,0.299,95,105.38,20.1,0.758,-2.688,-2.688,-2.688,95.106
12:36.9,107.0296069,25,11.437,95,105.511,33.2,1.288,95,105.367,33.6,1.27,-2.688,-2.688,-2.688,95.144
12:38.0,108.0795137,25,11.43,95,105.16,32.5,1.235,95,105.249,32.2,1.217,-2.688,-2.688,-2.688,95.138
12:38.9,109.0038597,25,11.433,95,105.602,7.1,0.264,95,105.45,25.2,0.97,-2.688,-2.688,-2.688,95.188
12:39.8,109.8762193,25,11.435,95,105.336,55.3,2.117,95,105.373,36.7,1.393,-2.688,-2.688,-2.688,95.205
12:40.5,110.5634762,25,11.436,95,105.172,23.8,0.917,95,105.266,28.5,1.023,-2.688,-2.688,-2.688,95.191
12:41.4,111.4704782,25,11.435,95,105.629,0,0,95,105.447,19.7,0.758,-2.688,-2.688,-2.688,95.234
12:42.5,112.5884292,25,11.434,95,105.451,52.5,2.011,95,105.403,38.1,1.464,-2.688,-2.688,-2.688,95.269
12:43.2,113.2809406,25,11.423,95,105.162,21.1,0.794,95,105.273,29.3,0.988,-2.688,-2.688,-2.688,95.253
12:44.2,114.3306303,25,11.432,95,105.602,0,0,95,105.458,14.2,0.511,-2.688,-2.688,-2.688,95.278
12:45.0,115.1126681,25,11.432,95,105.545,45.8,1.764,95,105.435,37.8,1.446,-2.688,-2.688,-2.688,95.327
12:46.5,116.576222,25,11.431,95,105.137,100,3.67,95,105.297,20.2,1.499,-2.688,-2.688,-2.688,95.308
12:48.0,118.0888289,25,11.439,95,105.964,7.4,0.282,95,105.551,37.9,1.464,-2.688,-2.688,-2.688,95.38
12:49.5,119.5638889,25,11.438,95,105.321,18.5,0.299,95,105.385,6.3,0.158,-2.688,-2.688,-2.688,95.392
12:50.3,120.3875188,25,11.432,95,105.732,23.2,1.199,95,105.506,46.4,1.746,-2.688,-2.688,-2.688,95.424
12:51.3,121.4346863,25,11.438,95,105.162,52.5,1.799,95,105.764,3.7,0.352,-2.688,-2.688,-2.688,95.454
12:52.2,122.3441105,25,11.431,95,105.676,3.8,0.123,95,105.278,43.9,1.676,-2.688,-2.688,-2.688,95.444
12:53.4,123.51713,25,11.428,95,105.33,55,2.099,95,105.39,14.8,0.458,-2.688,-2.688,-2.688,95.433
12:54.4,124.4921434,25,11.43,95,105.247,10.9,0.405,95,105.381,30.7,1.182,-2.688,-2.688,-2.688,95.437
12:55.2,125.3434167,25,11.432,95,105.709,13.5,0.529,95,105.343,24.7,0.952,-2.688,-2.688,-2.688,95.436
12:56.2,126.2648873,25,11.43,95,105.328,51.5,1.976,95,105.411,24.1,0.97,-2.688,-2.688,-2.688,95.46
12:56.9,127.051188,25,11.433,95,105.27,7.7,0.282,95,105.3,30.3,1.164,-2.688,-2.688,-2.688,95.444
12:58.1,128.2079828,25,11.443,95,105.7,5.5,0.194,95,105.43,14.4,0.582,-2.688,-2.688,-2.688,95.471
12:59.1,129.253435,25,11.445,95,105.286,50.8,1.94,95,105.377,37,1.517,-2.688,-2.688,-2.688,95.479
12:59.9,130.0400434,25,11.443,95,105.461,0,0,95,105.349,16.8,0.635,-2.688,-2.688,-2.688,95.461
13:01.0,131.0923674,25,11.442,95,105.764,11.7,0.441,95,105.526,23.3,0.899,-2.688,-2.688,-2.688,95.509
13:02.0,132.1394061,25,11.44,95,105.235,53.3,1.976,95,105.302,43.6,1.64,-2.688,-2.688,-2.688,95.48
13:02.8,132.9157893,25,11.437,95,105.583,0,0,95,105.453,9.2,0.335,-2.688,-2.688,-2.688,95.496
13:03.8,133.9227185,25,11.44,95,105.81,30,1.182,95,105.528,31.3,1.217,-2.688,-2.688,-2.688,95.537
13:04.5,134.6043216,25,11.438,95,105.247,51.3,1.94,95,105.287,37.4,1.429,-2.688,-2.688,-2.688,95.516
13:05.4,135.484888,25,11.447,95,105.378,6.1,0.211,95,105.407,13.9,0.511,-2.688,-2.688,-2.688,95.509
13:06.5,136.6184377,25,11.439,95,105.875,8,0.299,95,105.577,28.8,1.111,-2.688,-2.688,-2.688,95.563
13:07.2,137.3054053,25,11.439,95,105.333,53,2.011,95,105.31,35.8,1.376,-2.688,-2.688,-2.688,95.556
13:08.2,138.3492116,25,11.436,95,105.273,17.5,0,95,105.446,10.8,0.405,-2.688,-2.688,-2.688,95.528
13:09.5,139.642955,25,11.441,95,105.908,4.5,0.158,95,105.561,33.7,1.305,-2.688,-2.688,-2.688,95.589
13:10.2,140.3248445,25,11.44,95,105.209,53.6,2.011,95,105.328,30,1.146,-2.688,-2.688,-2.688,95.572
13:11.1,141.2461226,25,11.444,95,105.391,0,0,95,105.475,15.5,0.582,-2.688,-2.688,-2.688,95.56
13:12.2,142.2850837,25,11.44,95,105.939,7.3,0.264,95,105.582,29.6,1.358,-2.688,-2.688,-2.688,95.61
13:13.1,143.2004111,25,11.444,95,105.331,60.6,2.276,95,105.354,36.8,1.411,-2.688,-2.688,-2.688,95.587
13:14.3,144.3776837,25,11.447,95,105.547,0,0,95,105.595,13.5,0.582,-2.688,-2.688,-2.688,95.594
13:15.2,145.2938927,25,11.447,95,105.846,31.8,1.288,95,105.515,40.4,1.552,-2.688,-2.688,-2.688,95.638
13:16.1,146.2097985,25,11.442,95,105.26,51.7,1.905,95,105.387,27,1.041,-2.688,-2.688,-2.688,95.607
13:17.1,147.2476586,25,11.438,95,105.64,0,0,95,105.579,12.3,0.476,-2.688,-2.688,-2.688,95.629
13:17.9,148.0137489,25,11.453,95,105.8,42.7,1.676,95,105.547,36.2,1.393,-2.688,-2.688,-2.688,95.664
13:18.8,148.882102,25,11.438,95,105.321,52.7,1.87,95,105.397,39.2,1.27,-2.688,-2.688,-2.688,95.649
13:20.0,150.0592758,25,11.439,95,105.565,0,0,95,105.589,12.3,0.458,-2.688,-2.688,-2.688,95.671
13:20.6,150.7464489,25,11.438,95,105.834,33.3,1.305,95,105.569,39.8,1.535,-2.688,-2.688,-2.688,95.692
13:21.4,151.557075,25,11.443,95,105.347,58.8,2.205,95,105.426,37.7,1.446,-2.688,-2.688,-2.688,95.668
13:22.3,152.4090814,25,11.438,95,105.483,3,0,95,105.576,14,0.529,-2.688,-2.688,-2.688,95.658
13:23.9,154.054587,25,11.445,60,105.962,0,0,95,105.614,31.8,1.217,-2.688,-2.688,-2.688,95.705
13:25.4,155.5566249,25,11.439,60,104.611,0,0,60,105.415,0,0,-2.688,-2.688,-2.688,95.606
13:26.3,156.3705514,25,11.44,60,102.747,0,0,60,104.182,0,0,-2.688,-2.688,-2.688,95.508
13:27.2,157.2938193,25,11.439,60,101.421,0,0,60,102.857,0,0,-2.688,-2.688,-2.688,95.174
13:28.1,158.2142174,25,11.44,60,99.808,0,0,60,101.028,0,0,-2.688,-2.688,-2.688,94.691
13:29.0,159.1421667,25,11.437,60,98.132,0,0,60,99.058,0,0,-2.688,-2.688,-2.688,94.075
13:29.8,159.9079387,25,11.435,60,96.427,0,0,60,97.075,0,0,-2.688,-2.688,-2.688,93.724
13:30.6,160.7173126,25,11.434,60,94.912,0,0,60,95.341,0,0,-2.688,-2.688,-2.688,92.95
13:31.3,161.3998535,25,11.439,60,93.401,0,0,60,93.666,0,0,-2.688,-2.688,-2.688,92.522
13:32.2,162.3093023,25,11.44,60,92.112,0,0,60,92.248,0,0,-2.688,-2.688,-2.688,91.613
13:33.0,163.0762275,25,11.441,60,90.475,0,0,60,90.498,0,0,-2.688,-2.688,-2.688,90.624
13:33.8,163.9490729,25,11.436,60,89.072,0,0,60,89.006,0,0,-2.688,-2.688,-2.688,89.569
13:34.5,164.6326403,25,11.443,60,87.688,0,0,60,87.577,0,0,-2.688,-2.688,-2.688,89.019
13:35.3,165.441332,25,11.443,60,86.532,0,0,60,86.366,0,0,-2.688,-2.688,-2.688,88.46
13:36.4,166.4850603,25,11.438,60,85.227,0,0,60,84.874,0,0,-2.688,-2.688,-2.688,86.738
13:37.2,167.2628955,25,11.438,60,83.357,0,0,60,83.124,0,0,-2.688,-2.688,-2.688,86.15
13:38.1,168.1935541,25,11.44,60,82.3,0,0,60,82.054,0,0,-2.688,-2.688,-2.688,84.983
13:38.8,168.9561047,25,11.441,60,80.982,0,0,60,80.722,0,0,-2.688,-2.688,-2.688,83.806
13:39.7,169.7705834,25,11.441,60,79.988,0,0,60,79.726,0,0,-2.688,-2.688,-2.688,83.218
13:40.3,170.4528635,25,11.444,60,78.758,0,0,60,78.616,0,0,-2.688,-2.688,-2.688,82.043
13:41.3,171.3692604,25,11.438,60,77.95,0,0,60,77.546,0,0,-2.688,-2.688,-2.688,81.454
13:42.0,172.1564661,25,11.432,60,76.659,0,0,60,76.51,0,0,-2.688,-2.688,-2.688,80.286
13:43.0,173.0667789,25,11.441,60,75.777,0,0,60,75.507,0,0,-2.688,-2.688,-2.688,79.126
13:44.0,174.1054353,25,11.445,60,74.681,0,0,60,74.407,0,0,-2.688,-2.688,-2.688,77.982
13:44.7,174.7920222,25,11.446,60,73.388,0,0,60,73.119,0,0,-2.688,-2.688,-2.688,77.414
13:45.5,175.6200533,25,11.448,60,72.588,0,0,60,72.33,0,0,-2.688,-2.688,-2.688,76.299
13:46.2,176.305985,25,11.443,60,71.703,0,0,60,71.449,0,0,-2.688,-2.688,-2.688,75.745
13:47.1,177.2215081,25,11.446,60,70.948,0,0,60,70.697,0,0,-2.688,-2.688,-2.688,74.66
13:47.9,178.0101686,25,11.443,60,70.007,0,0,60,69.762,0,0,-2.688,-2.688,-2.688,73.591
13:48.8,178.8660581,25,11.445,60,69.194,0,0,60,68.954,0,0,-2.688,-2.688,-2.688,73.063
13:49.5,179.5599221,25,11.446,60,68.407,0,0,60,68.169,0,0,-2.688,-2.688,-2.688,72.031
13:50.3,180.4012652,25,11.441,60,67.641,0,0,60,67.401,0,0,-2.688,-2.688,-2.688,71.521
13:51.2,181.3098771,25,11.454,60,66.888,0,0,60,66.659,0,0,-2.688,-2.688,-2.688,70.529
13:52.1,182.2326522,25,11.441,60,66.071,0,0,60,65.844,0,0,-2.688,-2.688,-2.688,69.559
13:53.0,183.1542311,25,11.438,60,65.279,0,0,60,65.054,0,0,-2.688,-2.688,-2.688,68.611
13:53.8,183.8896802,25,11.446,60,64.511,0,0,60,64.289,0,0,-2.688,-2.688,-2.688,68.141
13:54.6,184.7151719,25,11.438,60,63.848,0,0,60,63.633,0,0,-2.688,-2.688,-2.688,67.228
13:55.3,185.401472,25,11.443,60,63.2,0,0,60,62.986,0,0,-2.688,-2.688,-2.688,66.779
13:56.2,186.3237113,25,11.439,60,62.647,0,0,60,62.437,0,0,-2.688,-2.688,-2.688,65.907
13:57.0,187.1067756,25,11.439,60,61.953,0,0,60,61.748,0,0,-2.688,-2.688,-2.688,65.055
13:57.9,187.9794183,25,11.439,60,61.354,0,0,60,61.153,0,0,-2.688,-2.688,-2.688,64.225
13:58.6,188.6721102,25,11.43,60,60.772,0,0,60,60.573,0,0,-2.688,-2.688,-2.688,63.815
13:59.4,189.4811801,25,11.437,60,60.273,0,0,60,60.078,0,0,-2.688,-2.688,-2.688,63.021
14:00.4,190.5361462,25,11.441,60,59.717,0,0,60,59.456,0,0,-2.688,-2.688,-2.688,62.246
14:01.2,191.2771703,25,11.439,60,58.912,0,0,60,58.788,0,0,-2.688,-2.688,-2.688,61.865
14:02.1,192.1980115,25,11.442,60,58.516,0,0,60,58.332,0,0,-2.688,-2.688,-2.688,61.125
14:02.9,192.9581933,25,11.441,60,57.885,0,0,60,57.76,0,0,-2.688,-2.688,-2.688,60.761
14:03.7,193.7743771,25,11.44,60,57.447,0,0,60,57.266,0,0,-2.688,-2.688,-2.688,60.055
14:04.3,194.4567917,25,11.443,60,56.96,0,0,60,56.784,0,0,-2.688,-2.688,-2.688,59.706
14:05.3,195.367687,25,11.437,60,56.547,0,0,60,56.311,0,0,-2.688,-2.688,-2.688,59.028
14:06.0,196.154412,25,11.434,60,56.024,0,0,60,55.852,0,0,-2.688,-2.688,-2.688,58.369
14:06.9,197.0064898,25,11.445,60,55.575,0,0,60,55.4,0,0,-2.688,-2.688,-2.688,57.727
14:07.6,197.6897245,25,11.437,60,55.085,0,0,60,54.912,0,0,-2.688,-2.688,-2.688,57.413
14:08.4,198.4925024,25,11.441,60,54.76,0,0,60,54.592,0,0,-2.688,-2.688,-2.688,56.802
14:09.4,199.5368842,25,11.436,60,54.292,0,0,60,54.122,0,0,-2.688,-2.688,-2.688,56.209
14:10.2,200.2825984,25,11.433,60,53.738,5.7,0.264,60,53.598,5.2,0.229,-2.688,-2.688,-2.688,55.918
14:11.1,201.1998757,25,11.44,60,53.511,2,0.07,60,53.423,2,0.07,-2.688,-2.688,-2.688,55.378
14:11.9,201.9859914,25,11.437,60,53.345,1.8,0.07,60,53.239,3.6,0.141,-2.688,-2.688,-2.688,54.899
14:12.7,202.7956263,25,11.439,60,53.204,5.4,0.247,60,53.101,5.2,0.229,-2.688,-2.688,-2.688,54.671
14:13.4,203.4832975,25,11.438,60,53.04,3.5,0.158,60,52.977,4.3,0.176,-2.688,-2.688,-2.688,54.245
14:14.3,204.3996189,25,11.436,60,52.99,2.2,0.088,60,52.913,4,0.176,-2.688,-2.688,-2.688,54.049
14:15.1,205.1976336,25,11.432,60,52.946,4.5,0.194,60,52.86,4.9,0.247,-2.688,-2.688,-2.688,53.692
14:16.0,206.1189885,25,11.439,60,52.878,5.7,0.264,60,52.821,5.2,0.229,-2.688,-2.688,-2.688,53.384
14:17.1,207.1625248,25,11.435,60,52.86,3,0.123,60,52.802,4.7,0.194,-2.688,-2.688,-2.688,53.154
14:17.8,207.8819375,25,11.435,60,52.86,5.5,0.247,60,52.805,5.1,0.229,-2.688,-2.688,-2.688,53.055
14:18.6,208.6958304,25,11.43,60,52.852,5.3,0.229,60,52.806,5.8,0.247,-2.688,-2.688,-2.688,52.874
14:19.3,209.3797038,25,11.434,60,52.867,3.9,0.158,60,52.821,5.6,0.247,-2.688,-2.688,-2.688,52.79
14:20.2,210.2950837,25,11.436,60,52.89,4.9,0.211,60,52.845,5.5,0.247,-2.688,-2.688,-2.688,52.637
14:21.0,211.0674308,25,11.438,60,52.91,5.4,0.247,60,52.867,5.6,0.247,-2.688,-2.688,-2.688,52.497
14:21.8,211.9399423,25,11.438,60,52.935,4.5,0.229,60,52.895,5.5,0.247,-2.688,-2.688,-2.688,52.432
14:22.5,212.6229095,25,11.434,60,52.971,4.8,0.211,60,52.931,5.6,0.247,-2.688,-2.688,-2.688,52.314
14:23.3,213.4391195,25,11.444,60,52.996,5.3,0.247,60,52.961,5.5,0.247,-2.688,-2.688,-2.688,52.261
14:24.2,214.3523135,25,11.437,60,53.032,100,4.569,60,52.997,5.4,0.229,-2.688,-2.688,-2.688,52.164
14:25.2,215.263325,25,11.443,60,53.804,100,4.217,60,53.062,0.3,0,-2.688,-2.688,-2.688,52.092
14:26.1,216.179525,25,11.436,60,57.379,100,4.058,60,53.454,100,4.499,-2.688,-2.688,-2.688,52.176
14:26.8,216.903889,25,11.445,60,62.234,0,0,60,55.072,100,4.199,-2.688,-2.688,-2.688,52.326
14:27.6,217.7091694,25,11.442,60,64.787,0,0,60,58.508,0,0,-2.688,-2.688,-2.688,53.111
14:28.3,218.3954761,25,11.438,60,66.21,0,0,60,63.322,0,0,-2.688,-2.688,-2.688,53.714
14:29.2,219.3169191,25,11.447,60,66.85,0,0,60,66.08,0,0,-2.688,-2.688,-2.688,54.924
14:30.0,220.1100182,25,11.435,60,67.067,0,0,60,67.553,0,0,-2.688,-2.688,-2.688,55.816
14:30.9,220.9826068,25,11.442,60,66.864,0,0,60,67.606,0,0,-2.688,-2.688,-2.688,56.157
14:31.6,221.6600668,25,11.448,60,66.339,0,0,60,67.096,0,0,-2.688,-2.688,-2.688,56.675
14:32.4,222.4708852,25,11.444,60,65.805,0,0,60,66.469,0,0,-2.688,-2.688,-2.688,56.873
14:33.4,223.5206804,25,11.434,60,65.111,0,0,60,65.534,0,0,-2.688,-2.688,-2.688,57.259
14:34.2,224.2902903,25,11.439,60,64.093,21.1,1.005,60,64.448,0,0,-2.688,-2.688,-2.688,57.328
14:35.2,225.3345897,25,11.434,60,63.473,21.7,0.811,60,63.509,25.4,1.076,-2.688,-2.688,-2.688,57.396
14:36.3,226.3801223,25,11.439,60,63.315,0,0,60,63.279,0,0,-2.688,-2.688,-2.688,57.494
14:37.4,227.5343501,25,11.443,60,63.291,8.9,0.441,60,63.27,8,0.441,-2.688,-2.688,-2.688,57.701
14:38.4,228.4583129,25,11.428,60,62.937,8.3,0.37,60,62.904,10,0.441,-2.688,-2.688,-2.688,57.733
14:39.3,229.3783955,25,11.448,60,62.974,3.8,0.158,60,62.898,5.9,0.247,-2.688,-2.688,-2.688,57.823
14:40.2,230.2995264,25,11.43,60,62.932,11.9,0.546,60,62.854,11.6,0.529,-2.688,-2.688,-2.688,57.919
14:41.4,231.4754751,25,11.441,60,62.832,9,0.405,60,62.768,9.1,0.405,-2.688,-2.688,-2.688,57.986
14:42.4,232.5247271,25,11.437,60,62.894,7.6,0.388,60,62.797,8.7,0.388,-2.688,-2.688,-2.688,58.095
14:43.3,233.4301973,25,11.433,60,62.864,9.2,0.423,60,62.787,10.9,0.494,-2.688,-2.688,-2.688,58.129
14:44.2,234.3415238,25,11.438,60,62.882,7.7,0.335,60,62.804,9.7,0.423,-2.688,-2.688,-2.688,58.192
14:45.3,235.4006367,25,11.442,60,62.939,9.3,0.423,60,62.845,9.7,0.441,-2.688,-2.688,-2.688,58.261
14:46.2,236.3114804,25,11.436,60,62.953,9.4,0.458,60,62.873,10.6,0.476,-2.688,-2.688,-2.688,58.323
14:47.1,237.2380881,25,11.432,60,62.993,8.5,0.388,60,62.909,9.8,0.458,-2.688,-2.688,-2.688,58.384
14:47.9,238.0207122,25,11.435,60,63.041,9.6,0.441,60,62.953,9.4,0.423,-2.688,-2.688,-2.688,58.444
14:48.9,239.0273788,25,11.436,60,63.062,9.4,0.423,60,62.997,10.3,0.458,-2.688,-2.688,-2.688,58.503
14:49.6,239.7194496,25,11.431,60,63.11,9.7,0.441,60,63.034,10.2,0.458,-2.688,-2.688,-2.688,58.531
14:50.4,240.5292797,25,11.435,60,63.143,9.5,0.423,60,63.068,9.7,0.458,-2.688,-2.688,-2.688,58.587
14:51.6,241.6848511,25,11.434,60,63.183,9.7,0.441,60,63.116,10.5,0.476,-2.688,-2.688,-2.688,58.639
14:52.3,242.3667685,25,11.435,60,63.224,9.3,0.423,60,63.156,10.5,0.476,-2.688,-2.688,-2.688,58.664
14:53.3,243.4119811,25,11.448,60,63.255,8.9,0.405,60,63.198,10.6,0.476,-2.688,-2.688,-2.688,58.716
14:54.1,244.203401,25,11.436,60,63.292,9.6,0.388,60,63.234,10.4,0.458,-2.688,-2.688,-2.688,58.766
14:55.2,245.2631387,25,11.446,60,63.323,8.8,0.388,60,63.264,10.6,0.476,-2.688,-2.688,-2.688,58.814
14:56.3,246.4263987,25,11.434,60,63.366,8.9,0.405,60,63.312,9.6,0.423,-2.688,-2.688,-2.688,58.861
14:57.1,247.2072775,25,11.439,60,63.404,8.8,0.388,60,63.351,9.6,0.423,-2.688,-2.688,-2.688,58.907
14:58.0,248.1070923,25,11.438,60,63.43,9.5,0.423,60,63.38,10.4,0.458,-2.688,-2.688,-2.688,58.949
14:59.2,249.2797931,25,11.438,60,63.459,8.7,0.388,60,63.413,10.1,0.441,-2.688,-2.688,-2.688,58.989
15:00.1,250.2107975,25,11.44,60,63.494,8.9,0.388,60,63.449,9.9,0.423,-2.688,-2.688,-2.688,59.028
15:01.1,251.2570776,25,11.442,60,63.514,9.6,0.405,60,63.475,10.5,0.458,-2.688,-2.688,-2.688,59.062
15:02.2,252.3092933,25,11.443,60,63.543,9,0.388,60,63.5,10.6,0.458,-2.688,-2.688,-2.688,59.118
15:03.1,253.2252783,25,11.436,60,63.565,9.3,0.405,60,63.529,10.6,0.458,-2.688,-2.688,-2.688,59.231
15:04.4,254.5409548,25,11.438,60,63.59,9.1,0.405,60,63.549,11,0.441,-2.688,-2.688,-2.688,59.238
15:05.6,255.7014853,25,11.444,60,63.62,9.1,0.423,60,63.58,10.2,0.476,-2.688,-2.688,-2.688,59.262
15:07.1,257.1765662,25,11.436,95,64.039,100,4.075,60,63.63,8.2,0.247,-2.688,-2.688,-2.688,59.343
15:08.3,258.3855471,25,11.444,95,68.901,100,3.917,95,64.144,100,4.252,-2.688,-2.688,-2.688,59.623
15:09.6,259.6583055,25,11.441,95,75.755,100,3.775,95,68.598,100,3.952,-2.688,-2.688,-2.688,61.014
15:10.2,260.3511431,25,11.434,95,82.778,100,3.67,95,75.083,100,3.793,-2.688,-2.688,-2.688,61.839
15:11.2,261.2674764,25,11.442,95,86.456,100,3.617,95,79.531,100,3.705,-2.688,-2.688,-2.688,63.875
15:12.0,262.066207,25,11.446,95,92.651,100,3.528,95,87.142,100,3.599,-2.688,-2.688,-2.688,66.349
15:12.8,262.9183025,25,11.442,95,97.576,100,3.476,95,92.387,100,3.528,-2.688,-2.688,-2.688,67.726
15:13.5,263.6002917,25,11.446,95,102.407,100,3.405,95,98.805,100,3.458,-2.688,-2.688,-2.688,70.67
15:14.3,264.4572577,25,11.442,95,106.499,100,3.352,95,103.49,100,3.405,-2.688,-2.688,-2.688,72.238
15:15.1,265.2556893,25,11.437,95,110.957,100,3.299,95,108.537,100,3.334,-2.688,-2.688,-2.688,75.471
15:16.1,266.1734696,25,11.441,95,115.269,100,3.264,95,113.248,100,3.281,-2.688,-2.688,-2.688,78.818
15:17.6,267.7488255,25,11.445,95,120.805,0,0,95,119.146,0,0,-2.688,-2.688,-2.688,83.897
15:21.2,271.269421,25,11.439,95,122.814,0,0,95,121.824,0,0,-2.688,-2.688,-2.688,91.697
15:22.1,272.1956099,25,11.45,95,116.297,0,0,95,116.616,0,0,-2.688,-2.688,-2.688,92.73
15:23.1,273.2534555,25,11.447,95,113.656,0,0,95,113.589,0,0,-2.688,-2.688,-2.688,93.381
15:23.9,274.0496413,25,11.447,95,110.768,83.1,3.017,95,110.618,74.9,2.734,-2.688,-2.688,-2.688,93.58
15:24.8,274.8644721,25,11.442,95,109.586,0,0,95,109.503,0,0,-2.688,-2.688,-2.688,93.854
15:25.4,275.5465757,25,11.435,95,109.691,0,0,95,109.384,3,0.088,-2.688,-2.688,-2.688,94.064
15:26.5,276.5899479,25,11.437,95,108.997,23.5,1.605,95,108.501,33.9,1.305,-2.688,-2.688,-2.688,94.529
15:27.6,277.708607,25,11.44,95,107.764,16.4,0.635,95,107.465,10.6,0.388,-2.688,-2.688,-2.688,94.641
15:28.4,278.5137815,25,11.443,95,107.228,10.4,0.405,95,106.731,21.6,0.829,-2.688,-2.688,-2.688,94.701
15:29.4,279.5565777,25,11.441,95,106.485,32.6,1.217,95,105.993,28.8,1.093,-2.688,-2.688,-2.688,94.767
15:30.6,280.7173286,25,11.439,95,105.678,21.4,0.935,95,105.403,27.4,1.041,-2.688,-2.688,-2.688,94.757
15:31.3,281.3996107,25,11.437,95,105.343,31.9,1.235,95,105.274,24.1,0.917,-2.688,-2.688,-2.688,94.769
15:32.5,282.5715853,25,11.441,95,105.252,24.4,0.952,95,105.229,27.8,1.058,-2.688,-2.688,-2.688,94.814
15:33.6,283.7220391,25,11.441,95,105.289,19.7,1.217,95,105.185,28.9,1.111,-2.688,-2.688,-2.688,94.839
15:34.4,284.477814,25,11.448,95,105.188,21.8,0.829,95,105.202,28.4,1.093,-2.688,-2.688,-2.688,94.852
15:35.3,285.3932755,25,11.437,95,105.245,19,0.741,95,105.2,29,1.023,-2.688,-2.688,-2.688,94.877
15:36.3,286.4321706,25,11.436,95,105.263,29.2,1.146,95,105.219,29.6,1.146,-2.688,-2.688,-2.688,94.914
15:37.2,287.3536284,25,11.428,95,105.191,29.6,1.146,95,105.218,25.4,1.217,-2.688,-2.688,-2.688,94.937
15:38.4,288.519626,25,11.435,95,105.314,19.8,0.776,95,105.248,24.1,0.952,-2.688,-2.688,-2.688,94.971
15:39.3,289.4362477,25,11.433,95,105.242,31.5,1.129,95,105.237,31,1.199,-2.688,-2.688,-2.688,95.001
15:40.4,290.4807231,25,11.432,95,105.277,19.7,0.758,95,105.244,25.6,0.952,-2.688,-2.688,-2.688,95.027
15:41.4,291.5294533,25,11.435,95,105.361,32.1,1.252,95,105.285,27.3,1.041,-2.688,-2.688,-2.688,95.064
15:42.5,292.5836247,25,11.435,95,105.224,29.5,1.023,95,105.243,32.8,1.27,-2.688,-2.688,-2.688,95.091
15:43.4,293.4797496,25,11.433,95,105.383,17.9,0.688,95,105.308,25,0.97,-2.688,-2.688,-2.688,95.103
15:44.4,294.5281905,25,11.437,95,105.375,26.3,1.023,95,105.31,29.4,1.199,-2.688,-2.688,-2.688,95.134
15:45.3,295.4532709,25,11.439,95,105.227,26.2,0.917,95,105.262,27.6,1.058,-2.688,-2.688,-2.688,95.145
15:46.5,296.6195905,25,11.438,95,105.468,14,0.882,95,105.362,25.9,1.005,-2.688,-2.688,-2.688,95.189
15:47.5,297.6092751,25,11.445,95,105.254,33.8,1.429,95,105.283,30.3,1.164,-2.688,-2.688,-2.688,95.201
15:48.5,298.6010162,25,11.442,95,105.305,18.6,0.37,95,105.317,22.5,0.811,-2.688,-2.688,-2.688,95.223
15:49.4,299.4698107,25,11.447,95,105.475,32,1.252,95,105.388,28.1,1.093,-2.688,-2.688,-2.688,95.246
15:50.3,300.3873945,25,11.441,95,105.245,40.2,1.764,95,105.306,33.4,1.288,-2.688,-2.688,-2.688,95.259
15:51.1,301.2431175,25,11.444,95,105.347,11.3,0.423,95,105.353,18.1,0.688,-2.688,-2.688,-2.688,95.271
15:52.0,302.1537379,25,11.447,95,105.566,19.7,0.776,95,105.443,23,0.882,-2.688,-2.688,-2.688,95.307
15:52.9,303.0422055,25,11.449,95,105.217,44.2,1.676,95,105.313,31.2,1.199,-2.688,-2.688,-2.688,95.303
15:53.9,304.0487051,25,11.445,95,105.356,7.9,0.282,95,105.391,18.6,0.67,-2.688,-2.688,-2.688,95.3
15:55.0,305.0770743,25,11.445,95,105.611,27.5,1.076,95,105.461,28.6,1.129,-2.688,-2.688,-2.688,95.347
15:55.7,305.7709137,25,11.44,95,105.147,43.1,1.411,95,105.292,35.2,1.199,-2.688,-2.688,-2.688,95.335
15:56.5,306.5849666,25,11.433,95,105.37,0,0.017,95,105.392,20.3,0.723,-2.688,-2.688,-2.688,95.327
15:57.6,307.7353729,25,11.442,95,105.699,19.2,1.358,95,105.515,27.1,1.041,-2.688,-2.688,-2.688,95.39
15:58.3,308.4174584,25,11.439,95,105.143,49.1,1.852,95,105.298,33.4,1.27,-2.688,-2.688,-2.688,95.378
15:59.4,309.4614235,25,11.441,95,105.35,5.7,0.211,95,105.434,15.4,0.37,-2.688,-2.688,-2.688,95.373
16:00.6,310.7222443,25,11.441,95,105.784,14.4,0.564,95,105.515,35.5,1.34,-2.688,-2.688,-2.688,95.436
16:01.6,311.7344153,25,11.446,60,105.164,0,0,95,105.328,22.8,0.864,-2.688,-2.688,-2.688,95.413
16:03.0,313.0609845,25,11.44,60,105.29,0,0,60,105.56,0,0,-2.688,-2.688,-2.688,95.446
16:04.2,314.2755884,25,11.44,60,104.08,0,0,60,104.73,0,0.052,-2.688,-2.688,-2.688,95.289
16:05.2,315.3316592,25,11.441,60,102.329,0,0,60,103.128,0,0,-2.688,-2.688,-2.688,94.936
16:06.0,316.1236416,25,11.433,60,100.3,0,0,60,100.974,0,0,-2.688,-2.688,-2.688,94.448
16:06.9,316.9707701,25,11.442,60,98.756,0,0,60,99.485,0,0,-2.688,-2.688,-2.688,94.155
16:07.6,317.6579355,25,11.443,60,97.183,0,0,60,97.545,0,0,-2.688,-2.688,-2.688,93.487
16:08.4,318.489953,25,11.44,60,95.831,0,0,60,96.059,0,0,-2.688,-2.688,-2.688,93.115
16:09.2,319.287535,25,11.435,60,94.299,0,0,60,94.204,0,0,-2.688,-2.688,-2.688,92.302
16:10.1,320.2100369,25,11.441,60,92.794,0,0,60,92.799,0,0,-2.688,-2.688,-2.688,91.406
16:11.1,321.2537804,25,11.437,60,91.138,0,0,60,91.064,0,0,-2.688,-2.688,-2.688,90.43
16:11.9,321.9829026,25,11.436,60,89.179,0,0,60,89.033,0,0,-2.688,-2.688,-2.688,89.915
16:12.7,322.803959,25,11.43,60,87.975,0,0,60,87.782,0,0,-2.688,-2.688,-2.688,88.864
16:13.4,323.4861459,25,11.437,60,86.619,0,0,60,86.374,0,0,-2.688,-2.688,-2.688,88.313
16:14.3,324.4007097,25,11.436,60,85.457,0,0,60,85.175,0,0,-2.688,-2.688,-2.688,87.222
16:15.1,325.1935069,25,11.434,60,84.008,0,0,60,83.687,0,0,-2.688,-2.688,-2.688,86.113
16:16.0,326.0990693,25,11.431,60,82.763,0,0,60,82.411,0,0,-2.688,-2.688,-2.688,85.593
16:16.7,326.7918396,25,11.431,60,81.411,0,0,60,81.034,0,0,-2.688,-2.688,-2.688,84.494
16:17.5,327.6064152,25,11.434,60,80.382,0,0,60,80.014,0,0,-2.688,-2.688,-2.688,83.921
16:18.5,328.6185395,25,11.431,60,79.111,0,0,60,78.737,0,0,-2.688,-2.688,-2.688,82.875
16:19.3,329.3705346,25,11.435,60,77.749,0,0,60,77.368,0,0,-2.688,-2.688,-2.688,82.096
16:20.2,330.2952482,25,11.441,60,76.83,0,0,60,76.444,0,0,-2.688,-2.688,-2.688,80.734
16:21.0,331.0577102,25,11.438,60,75.682,0,0,60,75.316,0,0,-2.688,-2.688,-2.688,80.127
16:21.8,331.8738448,25,11.435,60,74.702,0,0,60,74.35,0,0,-2.688,-2.688,-2.688,78.964
16:22.4,332.5492444,25,11.434,60,73.758,0,0,60,73.405,0,0,-2.688,-2.688,-2.688,78.433
16:23.4,333.4596175,25,11.438,60,72.955,0,0,60,72.593,0,0,-2.688,-2.688,-2.688,77.317
16:24.1,334.2426772,25,11.439,60,71.938,0,0,60,71.575,0,0,-2.688,-2.688,-2.688,76.221
16:25.0,335.1369646,25,11.429,60,71.072,0,0,60,70.801,0,0,-2.688,-2.688,-2.688,75.115
16:25.7,335.8249858,25,11.431,60,70.219,0,0,60,69.836,0,0,-2.688,-2.688,-2.688,74.516
16:26.5,336.6448274,25,11.435,60,69.495,0,0,60,69.11,0,0,-2.688,-2.688,-2.688,73.467
16:27.5,337.6302543,25,11.442,60,68.591,0,0,60,68.194,0,0,-2.688,-2.688,-2.688,72.501
16:28.3,338.3829563,25,11.436,60,67.622,0,0,60,67.208,0,0,-2.688,-2.688,-2.688,71.95
16:29.2,339.3017249,25,11.437,60,66.959,0,0,60,66.541,0,0,-2.688,-2.688,-2.688,71.028
16:30.0,340.0683318,25,11.436,60,66.129,0,0,60,65.704,0,0,-2.688,-2.688,-2.688,70.663
16:30.8,340.8834329,25,11.439,60,65.408,0,0,60,64.986,0,0,-2.688,-2.688,-2.688,69.804
16:31.5,341.5610011,25,11.446,60,64.708,0,0,60,64.289,0,0,-2.688,-2.688,-2.688,69.349
16:32.4,342.4811498,25,11.427,60,64.113,0,0,60,63.7,0,0,-2.688,-2.688,-2.688,68.497
16:33.2,343.2749742,25,11.449,60,63.362,0,0,60,62.957,0,0,-2.688,-2.688,-2.688,67.587
16:34.1,344.185486,25,11.433,60,62.718,0,0,60,62.322,0,0,-2.688,-2.688,-2.688,66.668
16:35.0,345.0586973,25,11.429,60,62.011,0,0,60,61.623,0,0,-2.688,-2.688,-2.688,66.252
16:35.8,345.8684507,25,11.433,60,61.324,0,0,60,60.942,0,0,-2.688,-2.688,-2.688,65.333
16:36.6,346.6796962,25,11.437,60,60.731,0,0,60,60.35,0,0,-2.688,-2.688,-2.688,64.425
16:37.3,347.3764415,25,11.432,60,60.146,0,0,60,59.774,0,0,-2.688,-2.688,-2.688,63.988
16:38.2,348.2972158,25,11.439,60,59.658,0,0,60,59.283,0,0,-2.688,-2.688,-2.688,63.136
16:39.0,349.0696889,25,11.433,60,59.036,0,0,60,58.666,0,0,-2.688,-2.688,-2.688,62.732
16:39.8,349.8784913,25,11.432,60,58.502,0,0,60,58.133,0,0,-2.688,-2.688,-2.688,61.973
16:40.5,350.56758,25,11.433,60,57.974,0,0,60,57.606,0,0,-2.688,-2.688,-2.688,61.599
16:41.4,351.4863957,25,11.43,60,57.526,0,0,60,57.161,0,0,-2.688,-2.688,-2.688,60.877
16:42.2,352.2757008,25,11.444,60,56.96,0,0,60,56.601,0,0,-2.688,-2.688,-2.688,60.167
16:43.1,353.1862843,25,11.439,60,56.477,0,0,60,56.115,0,0,-2.688,-2.688,-2.688,59.458
16:44.0,354.0641627,25,11.432,60,55.944,0,0,60,55.579,0,0,-2.688,-2.688,-2.688,59.109
16:44.8,354.8843362,25,11.447,60,55.43,0,0,60,55.056,0,0,-2.688,-2.688,-2.688,58.421
16:45.6,355.6945192,25,11.433,60,54.981,0,0,60,54.603,0,0,-2.688,-2.688,-2.688,57.843
16:46.3,356.3930794,25,11.434,60,54.544,0,0,60,54.165,0,0,-2.688,-2.688,-2.688,57.579
16:47.2,357.3101397,25,11.438,60,54.171,0,0,60,53.797,7.5,0.335,-2.688,-2.688,-2.688,56.832
16:48.0,358.0963994,25,11.437,60,53.715,6.6,0.299,60,53.461,3.2,0.123,-2.688,-2.688,-2.688,56.468
16:48.8,358.9103629,25,11.435,60,53.474,0,0,60,53.309,3,0.105,-2.688,-2.688,-2.688,55.837
16:49.5,359.5987848,25,11.439,60,53.357,1.1,0.035,60,53.152,5.9,0.264,-2.688,-2.688,-2.688,55.561
16:50.4,360.5250964,25,11.437,60,53.187,5.7,0.264,60,53.017,5.1,0.211,-2.688,-2.688,-2.688,55.035
16:51.2,361.3159304,25,11.441,60,53.052,3.8,0.141,60,52.939,4.7,0.194,-2.688,-2.688,-2.688,54.544
16:52.1,362.2294268,25,11.439,60,53.011,3.2,0.123,60,52.888,5,0.211,-2.688,-2.688,-2.688,54.133
16:53.2,363.2829225,25,11.436,60,52.947,5.4,0.229,60,52.84,5.9,0.264,-2.688,-2.688,-2.688,53.784
16:53.9,364.055101,25,11.434,60,52.886,4.2,0.194,60,52.81,6.1,0.264,-2.688,-2.688,-2.688,53.635
16:54.8,364.8659445,25,11.438,60,52.892,3.5,0.158,60,52.811,5.8,0.247,-2.688,-2.688,-2.688,53.376
16:55.4,365.5533416,25,11.431,60,52.886,5.1,0.229,60,52.814,5.9,0.264,-2.688,-2.688,-2.688,53.256
16:56.4,366.4788478,25,11.429,60,52.877,4,0.176,60,52.819,6.5,0.282,-2.688,-2.688,-2.688,53.034
16:57.2,367.2732491,25,11.44,60,52.903,4.2,0.194,60,52.843,6,0.264,-2.688,-2.688,-2.688,52.848
16:58.1,368.1937358,25,11.434,60,52.923,4.2,0.194,60,52.865,6.3,0.282,-2.688,-2.688,-2.688,52.677
16:58.8,368.8752302,25,11.428,60,52.938,5,0.211,60,52.892,6.4,0.282,-2.688,-2.688,-2.688,52.605
16:59.6,369.6906501,25,11.438,60,52.967,4.5,0.194,60,52.915,6.2,0.282,-2.688,-2.688,-2.688,52.485
17:00.4,370.5158369,25,11.437,60,53.003,4.3,0.194,60,52.966,6.2,0.282,-2.688,-2.688,-2.688,52.432
17:01.3,371.4266445,25,11.44,60,53.029,5.3,0.247,60,53.002,6.2,0.282,-2.688,-2.688,-2.688,52.39
17:02.2,372.3427296,25,11.437,60,53.062,4.5,0.194,60,53.038,6.4,0.282,-2.688,-2.688,-2.688,52.644
17:03.0,373.1314791,25,11.443,60,53.212,100,4.287,60,53.086,5.7,0.247,-2.688,-2.688,-2.688,52.491
17:03.8,373.9404071,25,11.448,60,55.144,100,4.146,60,53.244,0,0,-2.688,-2.688,-2.688,52.165
17:04.5,374.6268914,25,11.44,60,59.003,0,0,60,53.74,100,4.428,-2.688,-2.688,-2.688,52.015
17:05.4,375.5236436,25,11.442,60,63.15,0,0,60,55.375,100,4.199,-2.688,-2.688,-2.688,51.744
17:06.2,376.3208478,25,11.443,60,65.314,0,0,60,59.405,0,0,-2.688,-2.688,-2.688,51.488
17:07.1,377.2366695,25,11.436,60,66.267,0,0,60,63.855,0,0,-2.688,-2.688,-2.688,51.241
17:08.2,378.2807047,25,11.435,60,66.704,0,0,60,66.414,0,0,-2.688,-2.688,-2.688,51.015
17:08.9,379.0096283,25,11.443,60,66.574,0,0,60,67.083,0,0,-2.688,-2.688,-2.688,50.911
17:09.7,379.8150995,25,11.443,60,66.162,0,0,60,66.789,0,0,-2.688,-2.688,-2.688,50.699
17:10.4,380.496767,25,11.443,60,65.58,0,0,60,66.151,0,0,-2.688,-2.688,-2.688,50.605
17:11.3,381.4130154,25,11.435,60,64.99,0,0,60,65.458,0,0,-2.688,-2.688,-2.688,50.42
17:12.1,382.1945789,25,11.435,60,64.166,8.9,0.405,60,64.492,0,0,-2.688,-2.688,-2.688,50.232
17:13.0,383.0636056,25,11.436,60,63.463,22.1,1.023,60,63.73,29.8,1.376,-2.688,-2.688,-2.688,50.143
17:13.6,383.7450947,25,11.449,60,63.306,0,0,60,63.262,3.3,0.035,-2.688,-2.688,-2.688,49.982
17:14.4,384.5558048,25,11.441,60,63.427,0,0,60,63.368,0,0,-2.688,-2.688,-2.688,49.905
17:15.2,385.3478877,25,11.439,60,63.305,13.4,0.582,60,63.232,13.6,0.688,-2.688,-2.688,-2.688,49.745
17:16.6,386.6577254,25,11.441,60,63.038,9.6,0.441,60,62.977,9.5,0.423,-2.688,-2.688,-2.688,49.575
17:17.4,387.5373971,25,11.434,60,63.081,6.3,0.282,60,62.986,8.8,0.388,-2.688,-2.688,-2.688,49.41
17:18.7,388.8429103,25,11.434,60,62.959,12.9,0.599,60,62.891,11.4,0.511,-2.688,-2.688,-2.688,49.119
17:19.4,389.5238923,25,11.437,60,62.953,6.3,0.282,60,62.873,8.6,0.37,-2.688,-2.688,-2.688,49.013
17:20.3,390.4454555,25,11.447,60,63,8.3,0.37,60,62.898,9.2,0.441,-2.688,-2.688,-2.688,48.785
17:21.8,391.8715789,25,11.438,60,62.973,11,0.494,60,62.889,11,0.494,-2.688,-2.688,-2.688,48.501
17:22.4,392.5538319,25,11.442,60,63.016,8.3,0.352,60,62.928,8.9,0.423,-2.688,-2.688,-2.688,48.43
17:23.4,393.471252,25,11.435,60,63.045,8.8,0.405,60,62.956,10.9,0.494,-2.688,-2.688,-2.688,48.29
17:24.3,394.3975237,25,11.436,60,63.052,9.3,0.441,60,62.986,10.1,0.476,-2.688,-2.688,-2.688,48.17
17:25.2,395.3196888,25,11.438,60,63.097,8.4,0.37,60,63.013,9.4,0.423,-2.688,-2.688,-2.688,48.052
17:26.3,396.3725638,25,11.434,60,63.139,8.3,0.37,60,63.062,9.9,0.441,-2.688,-2.688,-2.688,47.923
17:27.2,397.2887444,25,11.436,60,63.162,9.7,0.423,60,63.099,10.3,0.458,-2.688,-2.688,-2.688,47.81
17:28.2,398.2655904,25,11.435,60,63.2,8.4,0.37,60,63.134,9.8,0.441,-2.688,-2.688,-2.688,47.767
17:29.2,399.312154,25,11.434,60,63.247,8.8,0.441,60,63.177,10.5,0.458,-2.688,-2.688,-2.688,47.79
17:30.0,400.0893147,25,11.433,60,63.287,8.2,0.37,60,63.217,11,0.494,-2.688,-2.688,-2.688,47.686
17:31.0,401.0919005,25,11.439,60,63.314,7.8,0.352,60,63.258,9.7,0.423,-2.688,-2.688,-2.688,47.264
17:32.0,402.1249302,25,11.437,60,63.351,10.3,0.476,60,63.296,10.3,0.458,-2.688,-2.688,-2.688,46.788
17:33.0,403.1411279,25,11.432,60,63.386,9.5,0.423,60,63.337,10.5,0.476,-2.688,-2.688,-2.688,44.81
17:33.8,403.9506065,25,11.432,60,63.421,9.4,0.423,60,63.372,10.4,0.458,-2.688,-2.688,-2.688,42.682
17:34.5,404.6330871,25,11.433,60,63.442,9.5,0.423,60,63.398,9.9,0.441,-2.688,-2.688,-2.688,41.676
17:35.6,405.6672737,25,11.432,60,63.467,8.5,0.37,60,63.428,10,0.441,-2.688,-2.688,-2.688,40.599
17:36.7,406.7900025,25,11.436,60,63.502,9.7,0.423,60,63.46,11,0.494,-2.688,-2.688,-2.688,54.732
17:37.4,407.5467681,25,11.43,60,63.526,9.5,0.423,60,63.487,10.2,0.458,-2.688,-2.688,-2.688,56.364
17:38.5,408.5858913,25,11.431,60,63.543,9.3,0.405,60,63.511,9.7,0.423,-2.688,-2.688,-2.688,57.625
17:39.6,409.7512514,25,11.431,60,63.569,9.5,0.388,60,63.534,11.2,0.494,-2.688,-2.688,-2.688,56.971
17:40.6,410.6940425,25,11.433,60,63.599,9,0.405,60,63.56,10.4,0.458,-2.688,-2.688,-2.688,56.587
17:41.6,411.6901487,25,11.44,60,63.614,9.5,0.423,60,63.58,10.3,0.458,-2.688,-2.688,-2.688,56.934
17:42.5,412.5577654,25,11.443,60,63.638,8.6,0.37,60,63.595,11.2,0.494,-2.688,-2.688,-2.688,56.878
17:43.8,413.8728011,25,11.427,60,63.653,8.5,0.37,60,63.619,10,0.476,-2.688,-2.688,-2.688,56.879
17:45.2,415.2676667,25,11.439,95,63.701,100,4.287,60,63.643,11,0.458,-2.688,-2.688,-2.688,50.493
17:46.3,416.3809063,25,11.432,95,66.397,100,4.058,60,63.87,0,4.305,-2.688,-2.688,-2.688,48.599
17:47.6,417.7559008,25,11.427,95,71.695,100,3.846,95,65.784,100,4.022,-2.688,-2.688,-2.688,45.465
17:48.5,418.5600665,25,11.437,95,79.117,100,3.723,95,72.385,100,3.846,-2.688,-2.688,-2.688,43.567
17:49.4,419.4762776,25,11.424,95,84.13,100,3.652,95,78.038,100,3.723,-2.688,-2.688,-2.688,41.679
17:50.3,420.3967114,25,11.435,95,89.899,100,3.564,95,84.765,100,3.634,-2.688,-2.688,-2.688,40.205
17:51.1,421.1853018,25,11.432,95,95.629,100,3.493,95,91.461,100,3.546,-2.688,-2.688,-2.688,39.843
17:51.9,422.0372586,25,11.434,95,100.595,100,3.423,95,97.159,100,3.476,-2.688,-2.688,-2.688,38.79
17:52.6,422.7240859,25,11.439,95,105.968,100,3.37,95,103.158,100,3.405,-2.688,-2.688,-2.688,39.608
17:53.5,423.5739209,25,11.436,95,109.998,100,3.317,95,107.554,100,3.352,-2.688,-2.688,-2.688,59.986
17:54.3,424.3659857,25,11.427,95,114.4,100,3.264,95,112.284,100,3.299,-2.688,-2.688,-2.688,73.455
17:55.3,425.4139044,25,11.436,95,118.488,57.8,1.94,95,116.697,100,3.264,-2.688,-2.688,-2.688,77.302
17:59.4,429.5311456,25,11.429,95,123.735,0,0,95,122.913,0,0,-2.688,-2.688,-2.688,90.523
18:00.2,430.3307017,25,11.428,95,116.928,0,0,95,116.699,0,0,-2.688,-2.688,-2.688,92.061
18:01.1,431.2444044,25,11.428,95,114.893,0,0,95,114.863,0,0,-2.688,-2.688,-2.688,92.667
18:01.8,431.9327091,25,11.438,95,111.997,77.8,3.052,95,112.145,92.3,3.581,-2.688,-2.688,-2.688,92.612
18:02.6,432.737667,25,11.441,95,110.34,58.1,2.117,95,110.172,50.5,1.835,-2.688,-2.688,-2.688,92.069
18:03.3,433.4463146,25,11.439,95,109.66,0,0,95,109.525,0,0,-2.688,-2.688,-2.688,91.721
18:04.3,434.3678483,25,11.434,95,109.711,0,0,95,109.326,3.2,0.088,-2.688,-2.688,-2.688,90.863
18:05.4,435.5442483,25,11.434,95,108.813,40.2,1.552,95,108.165,42.1,1.605,-2.688,-2.688,-2.688,90.183
18:06.6,436.7317934,25,11.436,95,107.538,11.7,0.441,95,107.128,14.1,0.529,-2.688,-2.688,-2.688,90.506
18:07.5,437.5634253,25,11.442,95,106.594,28.6,1.111,95,106.194,24.2,0.935,-2.688,-2.688,-2.688,90.911
18:08.5,438.6062154,25,11.444,95,105.992,19.9,0.776,95,105.545,37.4,1.446,-2.688,-2.688,-2.688,91.321
18:09.3,439.3891676,25,11.439,95,105.472,34.1,1.182,95,105.251,26.2,1.005,-2.688,-2.688,-2.688,91.639
18:10.5,440.5605777,25,11.441,95,105.294,29.2,1.129,95,105.258,22.6,0.917,-2.688,-2.688,-2.688,91.969
18:11.5,441.6053387,25,11.442,95,105.27,26,1.005,95,105.147,31.4,1.199,-2.688,-2.688,-2.688,92.268
18:12.7,442.7800751,25,11.435,95,105.173,28.9,1.058,95,105.184,24.1,0.935,-2.688,-2.688,-2.688,92.721
18:13.5,443.5856948,25,11.438,95,105.29,22.6,0.882,95,105.203,27.9,1.076,-2.688,-2.688,-2.688,92.867
18:14.4,444.5021865,25,11.439,95,105.241,30.2,1.217,95,105.182,24.8,0.952,-2.688,-2.688,-2.688,93.13
18:15.2,445.2951727,25,11.437,95,105.177,26.7,1.041,95,105.194,26.5,1.023,-2.688,-2.688,-2.688,93.377
18:16.1,446.2534128,25,11.435,95,105.317,12.8,0.494,95,105.231,25.7,0.988,-2.688,-2.688,-2.688,93.616
18:16.8,446.9303415,25,11.438,95,105.27,26.9,1.041,95,105.229,32.4,1.252,-2.688,-2.688,-2.688,93.725
18:17.6,447.7326713,25,11.433,95,105.181,26.8,1.252,95,105.202,30,1.041,-2.688,-2.688,-2.688,93.823
18:18.3,448.4434973,25,11.434,95,105.321,15.5,0.599,95,105.255,23.1,0.882,-2.688,-2.688,-2.688,94.01
18:19.6,449.7469211,25,11.432,95,105.356,28.4,1.111,95,105.275,35.1,1.358,-2.688,-2.688,-2.688,94.271
18:20.5,450.5840493,25,11.434,95,105.195,22.2,0.846,95,105.225,29.2,1.129,-2.688,-2.688,-2.688,94.339
18:21.8,451.8884429,25,11.43,95,105.428,15.3,0.582,95,105.319,25,0.97,-2.688,-2.688,-2.688,94.57
18:22.5,452.5744788,25,11.429,95,105.232,38.3,1.482,95,105.258,31.1,1.199,-2.688,-2.688,-2.688,94.625
18:23.4,453.4864372,25,11.423,95,105.22,21.4,0.811,95,105.245,30.6,0.899,-2.688,-2.688,-2.688,94.73
18:24.7,454.7911368,25,11.432,95,105.483,14.2,0.794,95,105.355,28.1,1.023,-2.688,-2.688,-2.688,94.91
18:25.4,455.4680569,25,11.431,95,105.183,39.6,1.517,95,105.255,31,1.182,-2.688,-2.688,-2.688,94.946
18:26.3,456.3857141,25,11.432,95,105.291,13.3,0.511,95,105.295,24.1,0.935,-2.688,-2.688,-2.688,95.032
18:27.2,457.3103116,25,11.434,95,105.546,18.5,0.723,95,105.399,25.9,1.005,-2.688,-2.688,-2.688,95.14
18:28.1,458.1784723,25,11.437,95,105.22,43.7,1.676,95,105.277,38.9,1.499,-2.688,-2.688,-2.688,95.168
18:29.1,459.2012558,25,11.443,95,105.303,11,0.405,95,105.341,17.1,0.652,-2.688,-2.688,-2.688,95.221
18:30.1,460.2345107,25,11.436,95,105.595,23.7,0.935,95,105.433,28.2,1.111,-2.688,-2.688,-2.688,95.32
18:31.0,461.0801676,25,11.444,95,105.133,43.6,1.623,95,105.266,34.4,1.323,-2.688,-2.688,-2.688,95.355
18:31.7,461.7586503,25,11.44,95,105.45,0,0,95,105.387,15.3,0.582,-2.688,-2.688,-2.688,95.415
18:32.6,462.7170176,25,11.441,95,105.684,20.4,0.811,95,105.482,27.3,1.058,-2.688,-2.688,-2.688,95.47
18:33.4,463.4671502,25,11.443,95,105.181,53.6,2.029,95,105.276,40.9,1.57,-2.688,-2.688,-2.688,95.513
18:34.4,464.5256728,25,11.44,95,105.231,11,0.405,95,105.321,18.9,0.723,-2.688,-2.688,-2.688,95.543
18:35.5,465.5708957,25,11.442,95,105.778,2.5,0.282,95,105.534,23.6,0.917,-2.688,-2.688,-2.688,95.651
18:36.3,466.3627307,25,11.436,95,105.261,56.9,2.152,95,105.294,39.6,1.517,-2.688,-2.688,-2.688,95.655
18:37.2,467.2793996,25,11.437,95,105.256,8.5,0.317,95,105.355,14.7,0.546,-2.688,-2.688,-2.688,95.705
18:38.4,468.4624487,25,11.446,95,105.828,0,0,95,105.553,25,0.97,-2.688,-2.688,-2.688,95.767
18:39.2,469.286319,25,11.439,95,105.249,59.9,2.258,95,105.296,38.7,1.482,-2.688,-2.688,-2.688,95.732
